{"stats":{"minecraft:used":{"minecraft:oak_log":4,"minecraft:lever":1,"minecraft:command_block":10,"minecraft:grass_block":1,"minecraft:light_blue_wool":284,"minecraft:redstone":1,"minecraft:stone_button":5,"minecraft:chain_command_block":3,"minecraft:oak_sign":4,"minecraft:repeating_command_block":8,"minecraft:redstone_block":12},"minecraft:custom":{"minecraft:time_since_rest":2318,"minecraft:crouch_one_cm":261,"minecraft:sprint_one_cm":12112,"minecraft:play_time":26036,"minecraft:deaths":5,"minecraft:walk_one_cm":17856,"minecraft:sneak_time":611,"minecraft:jump":95,"minecraft:leave_game":7,"minecraft:time_since_death":2295,"minecraft:total_world_time":68421,"minecraft:fly_one_cm":30818},"minecraft:picked_up":{"minecraft:redstone_block":1,"minecraft:repeating_command_block":4,"minecraft:oak_sign":2,"minecraft:diamond":110,"minecraft:lever":1,"minecraft:bone_meal":3,"minecraft:stone_button":5}},"DataVersion":4189}