{"stats":{"minecraft:picked_up":{"minecraft:redstone_block":1,"minecraft:repeating_command_block":4,"minecraft:oak_sign":2,"minecraft:diamond":118,"minecraft:lever":1,"minecraft:bone_meal":56,"minecraft:stone_button":5},"minecraft:used":{"minecraft:oak_log":4,"minecraft:lever":1,"minecraft:command_block":10,"minecraft:grass_block":1,"minecraft:redstone":1,"minecraft:light_blue_wool":284,"minecraft:stone_button":5,"minecraft:chain_command_block":3,"minecraft:oak_sign":4,"minecraft:repeating_command_block":8,"minecraft:redstone_block":12},"minecraft:custom":{"minecraft:time_since_rest":771,"minecraft:crouch_one_cm":261,"minecraft:sprint_one_cm":13431,"minecraft:play_time":29438,"minecraft:deaths":10,"minecraft:walk_one_cm":24225,"minecraft:sneak_time":611,"minecraft:jump":119,"minecraft:leave_game":9,"minecraft:time_since_death":749,"minecraft:total_world_time":76995,"minecraft:fly_one_cm":38279}},"DataVersion":4189}